id,title,lyricsType,lyrics,audioURL,category
สรรเสริญ,สรรเสริญ ข้อสรรเสริญ,png,https://good4.eu/songs/สรรเสริญ.png,,ข้อสรรเสริญ
1,1 เราจะยินดีและเราจะเปรมปรีดิ์,png,https://good4.eu/songs/1.png,,เพลงเชิญชวนเข้านมัสการ 1-19
2,2 ข้ายินดีเมื่อเขากล่าวแก่ข้าว่า,png,https://good4.eu/songs/2.png,,เพลงเชิญชวนเข้านมัสการ 1-19
3,3 ฮาเลลูยาสรรเสริญ,png,https://good4.eu/songs/3.png,,เพลงเชิญชวนเข้านมัสการ 1-19
4,4 มานี่เป็นเวลานมัสการ,png,https://good4.eu/songs/4.png,,เพลงเชิญชวนเข้านมัสการ 1-19
5,5 จงรวมกันผนึกกำลัง,png,https://good4.eu/songs/5.png,,เพลงเชิญชวนเข้านมัสการ 1-19
6,6 เราจะเข้ามาสรรเสริญ,png,https://good4.eu/songs/6.png,,เพลงเชิญชวนเข้านมัสการ 1-19
7,7 มาเถิดให้เราพากันไป,png,https://good4.eu/songs/7.png,,เพลงเชิญชวนเข้านมัสการ 1-19
8,8 เรานำเสียงการสรรเสริญมา,png,https://good4.eu/songs/8.png,,เพลงเชิญชวนเข้านมัสการ 1-19
9,9 มาเถิดมาสรรเสริญพระผู้เป็นเจ้า,png,https://good4.eu/songs/9.png,,เพลงเชิญชวนเข้านมัสการ 1-19
10,10 ตั้งแต่ทิศตะวันออก,png,https://good4.eu/songs/10.png,,เพลงเชิญชวนเข้านมัสการ 1-19
11,11 วันนี้เป็นวัน,png,https://good4.eu/songs/11.png,,เพลงเชิญชวนเข้านมัสการ 1-19
12,12 สรรเสริญพระนามพระเยโฮวาห์,png,https://good4.eu/songs/12.png,,เพลงเชิญชวนเข้านมัสการ 1-19
13,13 เชิญมารื่นเริงยินดี,png,https://good4.eu/songs/13.png,,เพลงเชิญชวนเข้านมัสการ 1-19
14,14 ให้เราเข้ามา,png,https://good4.eu/songs/14.png,,เพลงเชิญชวนเข้านมัสการ 1-19
15,15 เชิญมาเยินยอพระนาม,png,https://good4.eu/songs/15.png,,เพลงเชิญชวนเข้านมัสการ 1-19
16,16 น่าจะสรรเสริญพระนามพระเจ้า,png,https://good4.eu/songs/16.png,,เพลงเชิญชวนเข้านมัสการ 1-19
17,17 จงสรรเสิณพระเจ้าเถิด,png,https://good4.eu/songs/17.png,,เพลงเชิญชวนเข้านมัสการ 1-19
18,18 มาเร็ว มาร้อง,png,https://good4.eu/songs/18.png,,เพลงเชิญชวนเข้านมัสการ 1-19
19,19 ฉันจะยินดี,png,https://good4.eu/songs/19.png,,เพลงเชิญชวนเข้านมัสการ 1-19
20,20 เราจะสร้างประชากร,png,https://good4.eu/songs/20.png,,เพลงสั้นสรรเสริญ 20-148
21,21 เหตุนั้นเมื่อเราได้เป็นคนชอบธรรม,png,https://good4.eu/songs/21.png,,เพลงสั้นสรรเสริญ 20-148
22,22 ชัยชนะโลกนี้,png,https://good4.eu/songs/22.png,,เพลงสั้นสรรเสริญ 20-148
23,23 พระเกียรติ พระสิริ,png,https://good4.eu/songs/23.png,,เพลงสั้นสรรเสริญ 20-148
24,24 ความวางใจข้าอยู่ในพระนาม,png,https://good4.eu/songs/24.png,,เพลงสั้นสรรเสริญ 20-148
25,25 ความรักของพระเจ้าดีกว่าชีวิต,png,https://good4.eu/songs/25.png,,เพลงสั้นสรรเสริญ 20-148
26,26 ยามเราอยู่ร่วมกัน,png,https://good4.eu/songs/26.png,,เพลงสั้นสรรเสริญ 20-148
27,27 องค์พระเยซูคริสต์ที่รักของข้า,png,https://good4.eu/songs/27.png,,เพลงสั้นสรรเสริญ 20-148
29,29 ทางเดียวเยซู,png,https://good4.eu/songs/29.png,,เพลงสั้นสรรเสริญ 20-148
30,30 เมตตาหลั่งมา,png,https://good4.eu/songs/30.png,,เพลงสั้นสรรเสริญ 20-148
31,31 องค์พระเจ้าของเรายิ่งใหญ่,png,https://good4.eu/songs/31.png,,เพลงสั้นสรรเสริญ 20-148
32,32 ให้ผู้ที่พระเจ้าทรงไถ่ไว้ร้องว่า,png,https://good4.eu/songs/32.png,,เพลงสั้นสรรเสริญ 20-148
33,33 ร้องโฮซันนา,png,https://good4.eu/songs/33.png,,เพลงสั้นสรรเสริญ 20-148
34,34 ไม่ใช่ฤทธิ์ ไม่ใช่แรง,png,https://good4.eu/songs/34.png,,เพลงสั้นสรรเสริญ 20-148
35,35 ฉันเป็นไท,png,https://good4.eu/songs/35.png,,เพลงสั้นสรรเสริญ 20-148
36,36 ในพระนามพระเยซู,png,https://good4.eu/songs/36.png,,เพลงสั้นสรรเสริญ 20-148
37,37 ข้าได้ยินเสียงกองทัพของพระเจ้า,png,https://good4.eu/songs/37.png,,เพลงสั้นสรรเสริญ 20-148
38,38 ร้องเพลงถวาย (สดุดี 68:4),png,https://good4.eu/songs/38.png,,เพลงสั้นสรรเสริญ 20-148
39,39 องค์พระเจ้าผู้สร้างฟ้าสวรรค์,png,https://good4.eu/songs/39.png,,เพลงสั้นสรรเสริญ 20-148
40,40 พระเจ้าดี,png,https://good4.eu/songs/40.png,,เพลงสั้นสรรเสริญ 20-148
41,41 อันทางของคนชอบธรรม,png,https://good4.eu/songs/41.png,,เพลงสั้นสรรเสริญ 20-148
42,42 ดีสักเท่าไหร่,png,https://good4.eu/songs/42.png,,เพลงสั้นสรรเสริญ 20-148
43,43 เราจะร้อง เราจะร้อง,png,https://good4.eu/songs/43.png,,เพลงสั้นสรรเสริญ 20-148
44,44 มาร้องรำนำเพลง,png,https://good4.eu/songs/44.png,,เพลงสั้นสรรเสริญ 20-148
45,45 ข้ารับการไถ่,png,https://good4.eu/songs/45.png,,เพลงสั้นสรรเสริญ 20-148
46,46 ความยินดีในพระเจ้า,png,https://good4.eu/songs/46.png,,เพลงสั้นสรรเสริญ 20-148
47,47 เมื่อข้าพระองค์ได้เห็นพระพักตร์,png,https://good4.eu/songs/47.png,,เพลงสั้นสรรเสริญ 20-148
48,48 ครองราชย์องค์พระเยซู,png,https://good4.eu/songs/48.png,,เพลงสั้นสรรเสริญ 20-148
49,49 ฉันจะร้องเพลงถึงความรักมั่นคง,png,https://good4.eu/songs/49.png,,เพลงสั้นสรรเสริญ 20-148
50,50 พระกรุณาและปรานี,png,https://good4.eu/songs/50.png,,เพลงสั้นสรรเสริญ 20-148
51,51 ยังมีสายธารในพระพักตร์พระเจ้า,png,https://good4.eu/songs/51.png,,เพลงสั้นสรรเสริญ 20-148
52,52 ทรงเปลี่ยนความเศร้าโศก,png,https://good4.eu/songs/52.png,,เพลงสั้นสรรเสริญ 20-148
53,53 บุคคลผู้ใดกระหาย,png,https://good4.eu/songs/53.png,,เพลงสั้นสรรเสริญ 20-148
54,54 เราจะเดิน,png,https://good4.eu/songs/54.png,,เพลงสั้นสรรเสริญ 20-148
55,55 ในทุ่งหญ้าของพระเจ้า,png,https://good4.eu/songs/55.png,,เพลงสั้นสรรเสริญ 20-148
56,56 รู้สึกไหมถึงภูเขาไหว,png,https://good4.eu/songs/56.png,,เพลงสั้นสรรเสริญ 20-148
57,57 ไม่มีผู้ใดไม่มีนามใด,png,https://good4.eu/songs/57.png,,เพลงสั้นสรรเสริญ 20-148
58,58 องค์พระคริสต์ทรงนำทัพมุ่งไป,png,https://good4.eu/songs/58.png,,เพลงสั้นสรรเสริญ 20-148
59,59 สุขที่ไหนจะมาเปรียบปาน,png,https://good4.eu/songs/59.png,,เพลงสั้นสรรเสริญ 20-148
60,60 จงแสวงหาแผ่นดินของพระเจ้า,png,https://good4.eu/songs/60.png,,เพลงสั้นสรรเสริญ 20-148
61,61 เมื่อได้มอง,png,https://good4.eu/songs/61.png,,เพลงสั้นสรรเสริญ 20-148
62,62 โอ วิถีคนชอบธรรม,png,https://good4.eu/songs/62.png,,เพลงสั้นสรรเสริญ 20-148
63,63 สาธุการพระนามแด่พระเจ้า,png,https://good4.eu/songs/63.png,,เพลงสั้นสรรเสริญ 20-148
64,64 อัศจรรย์พระเยซูของเรา,png,https://good4.eu/songs/64.png,,เพลงสั้นสรรเสริญ 20-148
65,65 เกลือ และสว่าง,png,https://good4.eu/songs/65.png,,เพลงสั้นสรรเสริญ 20-148
66,66 โรมัน 16:19,png,https://good4.eu/songs/66.png,,เพลงสั้นสรรเสริญ 20-148
67,67 ไฟ ไฟ ไฟ,png,https://good4.eu/songs/67.png,,เพลงสั้นสรรเสริญ 20-148
68,68 เราพบพระเยซูคริสต์,png,https://good4.eu/songs/68.png,,เพลงสั้นสรรเสริญ 20-148
69,69 มีพระเยซูอยู่ในใจฉัน,png,https://good4.eu/songs/69.png,,เพลงสั้นสรรเสริญ 20-148
70,70 ฉันมีพระเยซูฉันจะไม่หวั่นไหว,png,https://good4.eu/songs/70.png,,เพลงสั้นสรรเสริญ 20-148
71,71 ฉันได้วางใจในพระเจ้า,png,https://good4.eu/songs/71.png,,เพลงสั้นสรรเสริญ 20-148
72,72 สรรเสริญพระเจ้า,png,https://good4.eu/songs/72.png,,เพลงสั้นสรรเสริญ 20-148
73,73 องค์พระเยซูคือผู้ใด,png,https://good4.eu/songs/73.png,,เพลงสั้นสรรเสริญ 20-148
74,74 โปรดทรงสำแดง,png,https://good4.eu/songs/74.png,,เพลงสั้นสรรเสริญ 20-148
75,75 ของประทานแห่งพระวิญญาณ,png,https://good4.eu/songs/75.png,,เพลงสั้นสรรเสริญ 20-148
76,76 ไหลล้นท่วมภูเขา และทะเล,png,https://good4.eu/songs/76.png,,เพลงสั้นสรรเสริญ 20-148
77,77 ชีวิตอยู่ในพระองค์,png,https://good4.eu/songs/77.png,,เพลงสั้นสรรเสริญ 20-148
78,78 พระเจ้ายิ่งใหญ่และสมควรจะสรรเสริญ,png,https://good4.eu/songs/78.png,,เพลงสั้นสรรเสริญ 20-148
79,79 จุดไฟลุกโชนในใจ,png,https://good4.eu/songs/79.png,,เพลงสั้นสรรเสริญ 20-148
80,80 พระคริสตเจ้าใครเปรียบได้,png,https://good4.eu/songs/80.png,,เพลงสั้นสรรเสริญ 20-148
81,81 ฉันรักคุณด้วยความรักของพระเจ้า,png,https://good4.eu/songs/81.png,,เพลงสั้นสรรเสริญ 20-148
82,82 แสนยินดี,png,https://good4.eu/songs/82.png,,เพลงสั้นสรรเสริญ 20-148
83,83 เริ่มให้ถูก,png,https://good4.eu/songs/83.png,,เพลงสั้นสรรเสริญ 20-148
84,84 ฉันเชื่อว่าสิ่งอัศจรรย์,png,https://good4.eu/songs/84.png,,เพลงสั้นสรรเสริญ 20-148
85,85 เดินกับพระเยซู,png,https://good4.eu/songs/85.png,,เพลงสั้นสรรเสริญ 20-148
86,86 ขอพระวิญญาณเทลงมา,png,https://good4.eu/songs/86.png,,เพลงสั้นสรรเสริญ 20-148
87,87 สายน้ำไหลหลาก,png,https://good4.eu/songs/87.png,,เพลงสั้นสรรเสริญ 20-148
88,88 โฮซันนาแด่พระเจ้าสูงสุด,png,https://good4.eu/songs/88.png,,เพลงสั้นสรรเสริญ 20-148
89,89 สรร[ระ]เสริญแด่พระเจ้า,png,https://good4.eu/songs/89.png,,เพลงสั้นสรรเสริญ 20-148
90,90 สรรเสริญพระนามขององค์พระเจ้า,png,https://good4.eu/songs/90.png,,เพลงสั้นสรรเสริญ 20-148
91,91 จงร้องเพลงสรรเสริญ,png,https://good4.eu/songs/91.png,,เพลงสั้นสรรเสริญ 20-148
92,92 พระเยซูคือองค์ราชันย์,png,https://good4.eu/songs/92.png,,เพลงสั้นสรรเสริญ 20-148
93,93 ชนะ ชนะ ชนะชั่วนิรันดร์,png,https://good4.eu/songs/93.png,,เพลงสั้นสรรเสริญ 20-148
94,94 ไม่มีอะไรที่ยากสำหรับพระเจ้า,png,https://good4.eu/songs/94.png,,เพลงสั้นสรรเสริญ 20-148
95,95 ข้ายกเสียงขึ้น,png,https://good4.eu/songs/95.png,,เพลงสั้นสรรเสริญ 20-148
96,96 พระเยซูชนะ,png,https://good4.eu/songs/96.png,,เพลงสั้นสรรเสริญ 20-148
97,97 ผู้ที่ทรงไถ่ไว้ของพระเจ้า,png,https://good4.eu/songs/97.png,,เพลงสั้นสรรเสริญ 20-148
98,98 ข้าไม่มีชีวิตอยู่ต่อไป,png,https://good4.eu/songs/98.png,,เพลงสั้นสรรเสริญ 20-148
99,99 วันต่อวันฉันเดินไปกับองค์พระเยซู,png,https://good4.eu/songs/99.png,,เพลงสั้นสรรเสริญ 20-148
100,100 พระเยซูเป็นที่รักของข้า,png,https://good4.eu/songs/100.png,,เพลงสั้นสรรเสริญ 20-148
102,102 อย่าลืม,png,https://good4.eu/songs/102.png,,เพลงสั้นสรรเสริญ 20-148
103,103 จงหยั่งลึกลึกลงถึงแก่น,png,https://good4.eu/songs/103.png,,เพลงสั้นสรรเสริญ 20-148
104,104 ข้ารับชีวิตพระคริสต์,png,https://good4.eu/songs/104.png,,เพลงสั้นสรรเสริญ 20-148
105,105 ดวงใจข้ารัก,png,https://good4.eu/songs/105.png,,เพลงสั้นสรรเสริญ 20-148
106,106 โอ้ความรักของพระองค์,png,https://good4.eu/songs/106.png,,เพลงสั้นสรรเสริญ 20-148
108,108 ฉันคิดถึงคุณ,png,https://good4.eu/songs/108.png,,เพลงสั้นสรรเสริญ 20-148
109,109 เราเป็นหนึ่งในความรักพระคริสต์,png,https://good4.eu/songs/109.png,,เพลงสั้นสรรเสริญ 20-148
110,110 พระองค์จะอยู่เคียง,png,https://good4.eu/songs/110.png,,เพลงสั้นสรรเสริญ 20-148
111,111 ฮาเลลูยา พระเยซูทรงพระชนม์,png,https://good4.eu/songs/111.png,,เพลงสั้นสรรเสริญ 20-148
112,112 ขอให้พระเกียรติ,png,https://good4.eu/songs/112.png,,เพลงสั้นสรรเสริญ 20-148
113,113 ด้วยสุดใจ,png,https://good4.eu/songs/113.png,,เพลงสั้นสรรเสริญ 20-148
114,114 ใครลำบากเหน็ดเหนื่อย,png,https://good4.eu/songs/114.png,,เพลงสั้นสรรเสริญ 20-148
115,115 เราจะร้องสรรเสริญพระนาม,png,https://good4.eu/songs/115.png,,เพลงสั้นสรรเสริญ 20-148
116,116 พื้นฟ้าสวรรค์ประกาศพระบารมี,png,https://good4.eu/songs/116.png,,เพลงสั้นสรรเสริญ 20-148
117,117 แต่ละวัน,png,https://good4.eu/songs/117.png,,เพลงสั้นสรรเสริญ 20-148
118,118 จงมีพลังสู้ทนอย่าหวั่น,png,https://good4.eu/songs/118.png,,เพลงสั้นสรรเสริญ 20-148
119,119 พระเจ้าของเราอยู่ท่ามกลาง,png,https://good4.eu/songs/119.png,,เพลงสั้นสรรเสริญ 20-148
120,120 ความสุขภายในใจ,png,https://good4.eu/songs/120.png,,เพลงสั้นสรรเสริญ 20-148
121,121 ลำธาร,png,https://good4.eu/songs/121.png,,เพลงสั้นสรรเสริญ 20-148
123,123 ร่วมกันในพระเยซู,png,https://good4.eu/songs/123.png,,เพลงสั้นสรรเสริญ 20-148
124,124 ขอทรงสอน,png,https://good4.eu/songs/124.png,,เพลงสั้นสรรเสริญ 20-148
125,125 ดั่งดาวิด,png,https://good4.eu/songs/125.png,,เพลงสั้นสรรเสริญ 20-148
126,126 ข้ายกพระนามพระเจ้าของข้า,png,https://good4.eu/songs/126.png,,เพลงสั้นสรรเสริญ 20-148
127,127 ใครเปรียบดัง,png,https://good4.eu/songs/127.png,,เพลงสั้นสรรเสริญ 20-148
128,128 แด่จอมราชานิรันดร์,png,https://good4.eu/songs/128.png,,เพลงสั้นสรรเสริญ 20-148
129,129 น้ำพุของพระเจ้าพลุ่งอยู่เสมอ,png,https://good4.eu/songs/129.png,,เพลงสั้นสรรเสริญ 20-148
130,130 ดวงใจของข้า,png,https://good4.eu/songs/130.png,,เพลงสั้นสรรเสริญ 20-148
131,131 โดยพระเจ้า,png,https://good4.eu/songs/131.png,,เพลงสั้นสรรเสริญ 20-148
132,132 โอ้อิสราเอล,png,https://good4.eu/songs/132.png,,เพลงสั้นสรรเสริญ 20-148
133,133 จงชื่นชมยินดี,png,https://good4.eu/songs/133.png,,เพลงสั้นสรรเสริญ 20-148
134,134 เยโฮวาห์ยีเรห์,png,https://good4.eu/songs/134.png,,เพลงสั้นสรรเสริญ 20-148
135,135 นั่นไม่ใช่ฤทธิ์หรือแรง,png,https://good4.eu/songs/135.png,,เพลงสั้นสรรเสริญ 20-148
136,136 ลุกขึ้นชนชาติขององค์พระเจ้า,png,https://good4.eu/songs/136.png,,เพลงสั้นสรรเสริญ 20-148
137,137 ชื่นชมยินดี,png,https://good4.eu/songs/137.png,,เพลงสั้นสรรเสริญ 20-148
138,138 โอ้เสียงแห่งความยินดี,png,https://good4.eu/songs/138.png,,เพลงสั้นสรรเสริญ 20-148
139,139 ชูใจของคุณ,png,https://good4.eu/songs/139.png,,เพลงสั้นสรรเสริญ 20-148
140,140 พระคริสต์เป็นพระเจ้าของเราชาวโลกา,png,https://good4.eu/songs/140.png,,เพลงสั้นสรรเสริญ 20-148
141,141 พระเจ้าดี,png,https://good4.eu/songs/141.png,,เพลงสั้นสรรเสริญ 20-148
142,142 เราจะสรรเสริญพระองค์,png,https://good4.eu/songs/142.png,,เพลงสั้นสรรเสริญ 20-148
143,143 พระเยซูเป็นพระเจ้า,png,https://good4.eu/songs/143.png,,เพลงสั้นสรรเสริญ 20-148
144,144 ดูเถิดพระเจ้าเป็นความรอดของข้า,png,https://good4.eu/songs/144.png,,เพลงสั้นสรรเสริญ 20-148
145,145 องค์พระคริสต์ทรงฤทธิ์,png,https://good4.eu/songs/145.png,,เพลงสั้นสรรเสริญ 20-148
146,146 เกิดความยินดี,png,https://good4.eu/songs/146.png,,เพลงสั้นสรรเสริญ 20-148
147,147 องค์อธิปไตย,png,https://good4.eu/songs/147.png,,เพลงสั้นสรรเสริญ 20-148
148,148 ใครจะขึ้นไป,png,https://good4.eu/songs/148.png,,เพลงสั้นสรรเสริญ 20-148
149,149 ข้าแสวงหาพระองค์,png,https://good4.eu/songs/149.png,,เพลงสั้นนมัสการและภาวนา 149-321
150,150 พระบิดาเรารัก,png,https://good4.eu/songs/150.png,,เพลงสั้นนมัสการและภาวนา 149-321
151,151 พระนามพระเยซู,png,https://good4.eu/songs/151.png,,เพลงสั้นนมัสการและภาวนา 149-321
152,152 ข้าเงยหน้ามองขึ้น,png,https://good4.eu/songs/152.png,,เพลงสั้นนมัสการและภาวนา 149-321
153,153 เข้าเฝ้าที่พระพักตร์พระเจ้า,png,https://good4.eu/songs/153.png,,เพลงสั้นนมัสการและภาวนา 149-321
154,154 มองพระพักตร์องค์พระเยซู,png,https://good4.eu/songs/154.png,,เพลงสั้นนมัสการและภาวนา 149-321
155,155 พระวิญญาณของพระเจ้า,png,https://good4.eu/songs/155.png,,เพลงสั้นนมัสการและภาวนา 149-321
156,156 โปรดให้ฉันใกล้พระองค์,png,https://good4.eu/songs/156.png,,เพลงสั้นนมัสการและภาวนา 149-321
157,157 อิมมานูเอล,png,https://good4.eu/songs/157.png,,เพลงสั้นนมัสการและภาวนา 149-321
158,158 บริสุทธิ์,png,https://good4.eu/songs/158.png,,เพลงสั้นนมัสการและภาวนา 149-321
159,159 ในเวลาของพระคริสต์,png,https://good4.eu/songs/159.png,,เพลงสั้นนมัสการและภาวนา 149-321
160,160 โปรดประทานการฟื้นใจ,png,https://good4.eu/songs/160.png,,เพลงสั้นนมัสการและภาวนา 149-321
161,161 ท่ามกลางภาระหนัก,png,https://good4.eu/songs/161.png,,เพลงสั้นนมัสการและภาวนา 149-321
162,162 ฉันได้ตัดสินใจ,png,https://good4.eu/songs/162.png,,เพลงสั้นนมัสการและภาวนา 149-321
163,163 เวลานี้เราจะถ่อมตัวลง,png,https://good4.eu/songs/163.png,,เพลงสั้นนมัสการและภาวนา 149-321
164,164 เปลี่ยนแปลงชีวิต,png,https://good4.eu/songs/164.png,,เพลงสั้นนมัสการและภาวนา 149-321
165,165 โลหิตพระคริสต์,png,https://good4.eu/songs/165.png,,เพลงสั้นนมัสการและภาวนา 149-321
166,166 ความรักยิ่งใหญ่เรารับ,png,https://good4.eu/songs/166.png,,เพลงสั้นนมัสการและภาวนา 149-321
167,167 ที่บนกางเขน,png,https://good4.eu/songs/167.png,,เพลงสั้นนมัสการและภาวนา 149-321
168,168 สรรเสริญสดุดีจงมีแด่พระเจ้า,png,https://good4.eu/songs/168.png,,เพลงสั้นนมัสการและภาวนา 149-321
169,169 พระบิดาผู้ไม่ทรงเปลี่ยนแปลง,png,https://good4.eu/songs/169.png,,เพลงสั้นนมัสการและภาวนา 149-321
170,170 เราคืออัลฟาและโอเมกา,png,https://good4.eu/songs/170.png,,เพลงสั้นนมัสการและภาวนา 149-321
171,171 เพราะพระองค์นั้นทรงเปี่ยมรัก,png,https://good4.eu/songs/171.png,,เพลงสั้นนมัสการและภาวนา 149-321
172,172 เพื่อน,png,https://good4.eu/songs/172.png,,เพลงสั้นนมัสการและภาวนา 149-321
173,173 ปรารถนาพระองค์,png,https://good4.eu/songs/173.png,,เพลงสั้นนมัสการและภาวนา 149-321
174,174 โปรดให้เข้าใกล้พระองค์,png,https://good4.eu/songs/174.png,,เพลงสั้นนมัสการและภาวนา 149-321
175,175 ถวายกายใจ,png,https://good4.eu/songs/175.png,,เพลงสั้นนมัสการและภาวนา 149-321
176,176 ขอบพระคุณพระเจ้า,png,https://good4.eu/songs/176.png,,เพลงสั้นนมัสการและภาวนา 149-321
177,177 พระเยซูผู้สมควรสรรเสริญ,png,https://good4.eu/songs/177.png,,เพลงสั้นนมัสการและภาวนา 149-321
178,178 พระเยซูโปรดฟื้นฟู,png,https://good4.eu/songs/178.png,,เพลงสั้นนมัสการและภาวนา 149-321
179,179 มีพระเยซู,png,https://good4.eu/songs/179.png,,เพลงสั้นนมัสการและภาวนา 149-321
180,180 แต่ข้ารู้จักพระองค์ท,png,https://good4.eu/songs/180.png,,เพลงสั้นนมัสการและภาวนา 149-321
181,181 ให้เราเข้าในวิหารนี้,png,https://good4.eu/songs/181.png,,เพลงสั้นนมัสการและภาวนา 149-321
182,182 ให้เราสรรเสริญ,png,https://good4.eu/songs/182.png,,เพลงสั้นนมัสการและภาวนา 149-321
183,183 เขาจะบินขึ้น,png,https://good4.eu/songs/183.png,,เพลงสั้นนมัสการและภาวนา 149-321
184,184 วิญญาณข้าแสวงหาพระเจ้า,png,https://good4.eu/songs/184.png,,เพลงสั้นนมัสการและภาวนา 149-321
185,185 เมื่อพวกเราชุมนุมกัน,png,https://good4.eu/songs/185.png,,เพลงสั้นนมัสการและภาวนา 149-321
186,186 เยซูขอทรงเป็นศูนย์กลาง,png,https://good4.eu/songs/186.png,,เพลงสั้นนมัสการและภาวนา 149-321
187,187 น้ำแห่งชีวิต,png,https://good4.eu/songs/187.png,,เพลงสั้นนมัสการและภาวนา 149-321
188,188 ข้าจะสรรเสริญ องค์พระบิดา,png,https://good4.eu/songs/188.png,,เพลงสั้นนมัสการและภาวนา 149-321
189,189 พระเจ้าทรงสัมผัสฉันวันนี้,png,https://good4.eu/songs/189.png,,เพลงสั้นนมัสการและภาวนา 149-321
190,190 พระเยซูพระองค์ทรงเป็น,png,https://good4.eu/songs/190.png,,เพลงสั้นนมัสการและภาวนา 149-321
191,191 สันติสุขของพระคริสต์,png,https://good4.eu/songs/191.png,,เพลงสั้นนมัสการและภาวนา 149-321
192,192 ขอพระเจ้าสดับคำร้องวิงวอนของข้า,png,https://good4.eu/songs/192.png,,เพลงสั้นนมัสการและภาวนา 149-321
194,194 พระบิดาข้ารักจะอยู่,png,https://good4.eu/songs/194.png,,เพลงสั้นนมัสการและภาวนา 149-321
195,195 เปิดตาข้า,png,https://good4.eu/songs/195.png,,เพลงสั้นนมัสการและภาวนา 149-321
196,196 ทรงนำข้าผ่านลานชั้นนอก,png,https://good4.eu/songs/196.png,,เพลงสั้นนมัสการและภาวนา 149-321
197,197 จงยอพระเกียรติพระเจ้า,png,https://good4.eu/songs/197.png,,เพลงสั้นนมัสการและภาวนา 149-321
198,198 โปรดเปิดดวงตา,png,https://good4.eu/songs/198.png,,เพลงสั้นนมัสการและภาวนา 149-321
199,199 ด้วยมือที่ข้าชูขึ้น,png,https://good4.eu/songs/199.png,,เพลงสั้นนมัสการและภาวนา 149-321
200,200 สรรเสริญนามพระเยซู,png,https://good4.eu/songs/200.png,,เพลงสั้นนมัสการและภาวนา 149-321
201,201 เป้าหมายสูงสุดในชีวิตฉัน,png,https://good4.eu/songs/201.png,,เพลงสั้นนมัสการและภาวนา 149-321
202,202 คำสรรเสริญล้นจากวิญญาณ,png,https://good4.eu/songs/202.png,,เพลงสั้นนมัสการและภาวนา 149-321
203,203 นี่คือเวลา,png,https://good4.eu/songs/203.png,,เพลงสั้นนมัสการและภาวนา 149-321
204,204 เมื่อรับการสวมทับ,png,https://good4.eu/songs/204.png,,เพลงสั้นนมัสการและภาวนา 149-321
205,205 พระองค์เป็นที่กำบัง,png,https://good4.eu/songs/205.png,,เพลงสั้นนมัสการและภาวนา 149-321
206,206 ล้ำเลิศพระองค์ล้ำเลิศ,png,https://good4.eu/songs/206.png,,เพลงสั้นนมัสการและภาวนา 149-321
207,207 พระเยซูบุตรพระเจ้า,png,https://good4.eu/songs/207.png,,เพลงสั้นนมัสการและภาวนา 149-321
208,208 เชิญพระวิญญาณ,png,https://good4.eu/songs/208.png,,เพลงสั้นนมัสการและภาวนา 149-321
209,209 เชิญองค์พระวิญญาณโปรดเจิมข้า,png,https://good4.eu/songs/209.png,,เพลงสั้นนมัสการและภาวนา 149-321
210,210 ขอบคุณพระเยซู,png,https://good4.eu/songs/210.png,,เพลงสั้นนมัสการและภาวนา 149-321
211,211 อีกครั้ง,png,https://good4.eu/songs/211.png,,เพลงสั้นนมัสการและภาวนา 149-321
212,212 สาธุการพระนามพระเยซู,png,https://good4.eu/songs/212.png,,เพลงสั้นนมัสการและภาวนา 149-321
213,213 รักในพระคุณ,png,https://good4.eu/songs/213.png,,เพลงสั้นนมัสการและภาวนา 149-321
214,214 เมื่อทรงสัมผัสฉัน,png,https://good4.eu/songs/214.png,,เพลงสั้นนมัสการและภาวนา 149-321
215,215 เรายืนอยู่จำเพาะพระพักตร์,png,https://good4.eu/songs/215.png,,เพลงสั้นนมัสการและภาวนา 149-321
216,216 ชำระใจของข้า,png,https://good4.eu/songs/216.png,,เพลงสั้นนมัสการและภาวนา 149-321
217,217 ขอให้คำจากปากของข้า,png,https://good4.eu/songs/217.png,,เพลงสั้นนมัสการและภาวนา 149-321
218,218 ความรักมั่นคง,png,https://good4.eu/songs/218.png,,เพลงสั้นนมัสการและภาวนา 149-321
219,219 งามจริงพระพักตร์พระเจ้า,png,https://good4.eu/songs/219.png,,เพลงสั้นนมัสการและภาวนา 149-321
220,220 เมื่อมองดูความบริสุทธิ์ของพระองค์,png,https://good4.eu/songs/220.png,,เพลงสั้นนมัสการและภาวนา 149-321
221,221 เชิญมาพระวิญญาณเติมชีวิต,png,https://good4.eu/songs/221.png,,เพลงสั้นนมัสการและภาวนา 149-321
222,222 พระเจ้าผู้รักษาเจ้า,png,https://good4.eu/songs/222.png,,เพลงสั้นนมัสการและภาวนา 149-321
223,223 ขอพระวิญญาณทรงโปรด,png,https://good4.eu/songs/223.png,,เพลงสั้นนมัสการและภาวนา 149-321
224,224 ข้าเชื่อในพระเยซู,png,https://good4.eu/songs/224.png,,เพลงสั้นนมัสการและภาวนา 149-321
225,225 ผู้ทรงสิรินั้นคือผู้ใด,png,https://good4.eu/songs/225.png,,เพลงสั้นนมัสการและภาวนา 149-321
226,226 เรานมัสการ,png,https://good4.eu/songs/226.png,,เพลงสั้นนมัสการและภาวนา 149-321
227,227 ขอโปรดเตรียมเรา,png,https://good4.eu/songs/227.png,,เพลงสั้นนมัสการและภาวนา 149-321
228,228 นิมิต,png,https://good4.eu/songs/228.png,,เพลงสั้นนมัสการและภาวนา 149-321
229,229 มีความเข้าใจกันในพวกเรา,png,https://good4.eu/songs/229.png,,เพลงสั้นนมัสการและภาวนา 149-321
230,230 จิตใจฉันอาลัย,png,https://good4.eu/songs/230.png,,เพลงสั้นนมัสการและภาวนา 149-321
231,231 จะเป็นดั่งแสง,png,https://good4.eu/songs/231.png,,เพลงสั้นนมัสการและภาวนา 149-321
232,232 ในโลกนี้มีคนมากมาย,png,https://good4.eu/songs/232.png,,เพลงสั้นนมัสการและภาวนา 149-321
233,233 พรุ่งนี้,png,https://good4.eu/songs/233.png,,เพลงสั้นนมัสการและภาวนา 149-321
235,235 ข้ากราบกราน,png,https://good4.eu/songs/235.png,,เพลงสั้นนมัสการและภาวนา 149-321
236,236 อ้อมแขนอันอุ่นใจ,png,https://good4.eu/songs/236.png,,เพลงสั้นนมัสการและภาวนา 149-321
237,237 ขอบพระคุณพระองค์ทรงเมตตา,png,https://good4.eu/songs/237.png,,เพลงสั้นนมัสการและภาวนา 149-321
238,238 พระองค์โอ้พระองค์,png,https://good4.eu/songs/238.png,,เพลงสั้นนมัสการและภาวนา 149-321
239,239 สรรเสริญและโมทนา,png,https://good4.eu/songs/239.png,,เพลงสั้นนมัสการและภาวนา 149-321
240,240 เชิญพระเยซู,png,https://good4.eu/songs/240.png,,เพลงสั้นนมัสการและภาวนา 149-321
241,241 โปรดทรงอวยพรประเทศไทย,png,https://good4.eu/songs/241.png,,เพลงสั้นนมัสการและภาวนา 149-321
242,242 พระศิลา,png,https://good4.eu/songs/242.png,,เพลงสั้นนมัสการและภาวนา 149-321
243,243 ข้ารักพระองค์ ข้าจึงขอบูชา,png,https://good4.eu/songs/243.png,,เพลงสั้นนมัสการและภาวนา 149-321
244,244 สาธุการแด่พระเจ้า,png,https://good4.eu/songs/244.png,,เพลงสั้นนมัสการและภาวนา 149-321
245,245 ข้ามอบชีวิต,png,https://good4.eu/songs/245.png,,เพลงสั้นนมัสการและภาวนา 149-321
246,246 พระองค์ทรงสมควร,png,https://good4.eu/songs/246.png,,เพลงสั้นนมัสการและภาวนา 149-321
247,247 โมทนาพระคุณพระเจ้า,png,https://good4.eu/songs/247.png,,เพลงสั้นนมัสการและภาวนา 149-321
248,248 พระเยซูพระนามเหนือนามใด,png,https://good4.eu/songs/248.png,,เพลงสั้นนมัสการและภาวนา 149-321
249,249 ข้ายกย่องพระองค์,png,https://good4.eu/songs/249.png,,เพลงสั้นนมัสการและภาวนา 149-321
250,250 พระองค์ผู้ทรงรักษาให้หาย,png,https://good4.eu/songs/250.png,,เพลงสั้นนมัสการและภาวนา 149-321
251,251 ความรักพระองค์ใหญ่หลวง,png,https://good4.eu/songs/251.png,,เพลงสั้นนมัสการและภาวนา 149-321
252,252 พระนามยิ่งใหญ่ประเสริฐ,png,https://good4.eu/songs/252.png,,เพลงสั้นนมัสการและภาวนา 149-321
253,253 ให้เราได้รักพระองค์ด้วยสิ้นสุดใจ,png,https://good4.eu/songs/253.png,,เพลงสั้นนมัสการและภาวนา 149-321
254,254 ประทับอยูท่ามกลางเรา,png,https://good4.eu/songs/254.png,,เพลงสั้นนมัสการและภาวนา 149-321
255,255 พระคริสต์ยื่นพระหัตถ์ออกมาช่วยข้า,png,https://good4.eu/songs/255.png,,เพลงสั้นนมัสการและภาวนา 149-321
256,256 พระนามดุจน้ำมันชโลมข้า,png,https://good4.eu/songs/256.png,,เพลงสั้นนมัสการและภาวนา 149-321
257,257 ข้าขอสรรเสริญพระเจ้ายิ่งใหญ่,png,https://good4.eu/songs/257.png,,เพลงสั้นนมัสการและภาวนา 149-321
258,258 องค์พระวิญญาณ,png,https://good4.eu/songs/258.png,,เพลงสั้นนมัสการและภาวนา 149-321
259,259 ข้าอยากรู้จักพระองค์,png,https://good4.eu/songs/259.png,,เพลงสั้นนมัสการและภาวนา 149-321
260,260 โอ้ข้ายกพระนามสูงสุด,png,https://good4.eu/songs/260.png,,เพลงสั้นนมัสการและภาวนา 149-321
261,261 กำลังในความรักของพระองค์,png,https://good4.eu/songs/261.png,,เพลงสั้นนมัสการและภาวนา 149-321
262,262 ส่องสว่าง,png,https://good4.eu/songs/262.png,,เพลงสั้นนมัสการและภาวนา 149-321
263,263 ทุกวันเวลาข้าอยากอยู่ใกล้ชิด,png,https://good4.eu/songs/263.png,,เพลงสั้นนมัสการและภาวนา 149-321
264,264 ผู้ใดจะเปรียบได้,png,https://good4.eu/songs/264.png,,เพลงสั้นนมัสการและภาวนา 149-321
265,265 เมื่อความมืดมิด,png,https://good4.eu/songs/265.png,,เพลงสั้นนมัสการและภาวนา 149-321
266,266 ถวายความยิ่งใหญ่แด่พระเจ้า,png,https://good4.eu/songs/266.png,,เพลงสั้นนมัสการและภาวนา 149-321
267,267 เราประกาศพระนาม,png,https://good4.eu/songs/267.png,,เพลงสั้นนมัสการและภาวนา 149-321
268,268 เจิมด้วยไฟพระวิญญาณ,png,https://good4.eu/songs/268.png,,เพลงสั้นนมัสการและภาวนา 149-321
269,269 ยามใจเราอ่อนล้า,png,https://good4.eu/songs/269.png,,เพลงสั้นนมัสการและภาวนา 149-321
270,270 เปลี่ยนใจของข้า,png,https://good4.eu/songs/270.png,,เพลงสั้นนมัสการและภาวนา 149-321
271,271 ฉันกระหายพระองค์,png,https://good4.eu/songs/271.png,,เพลงสั้นนมัสการและภาวนา 149-321
272,272 โปรดชำระดวงใจของข้า,png,https://good4.eu/songs/272.png,,เพลงสั้นนมัสการและภาวนา 149-321
273,273 ทุกครั้งที่ข้าเฝ้าภาวนา,png,https://good4.eu/songs/273.png,,เพลงสั้นนมัสการและภาวนา 149-321
274,274 ไม่มีใครเหมือนพระองค์,png,https://good4.eu/songs/274.png,,เพลงสั้นนมัสการและภาวนา 149-321
275,275 เพราะพระองค์ทรงอยู่,png,https://good4.eu/songs/275.png,,เพลงสั้นนมัสการและภาวนา 149-321
276,276 ส่งการฟื้นฟูลงมา,png,https://good4.eu/songs/276.png,,เพลงสั้นนมัสการและภาวนา 149-321
277,277 ทรงอุ้มชูค้ำจุน,png,https://good4.eu/songs/277.png,,เพลงสั้นนมัสการและภาวนา 149-321
278,278 ข้ารักพระองค์ด้วยสิ้นสุดดวงใจ,png,https://good4.eu/songs/278.png,,เพลงสั้นนมัสการและภาวนา 149-321
279,279 โดยพระโลหิตไหล,png,https://good4.eu/songs/279.png,,เพลงสั้นนมัสการและภาวนา 149-321
280,280 สิ่งเดียวฉันขอ,png,https://good4.eu/songs/280.png,,เพลงสั้นนมัสการและภาวนา 149-321
281,281 ก้าวต่อไป,png,https://good4.eu/songs/281.png,,เพลงสั้นนมัสการและภาวนา 149-321
282,282 ข้าขอถวายคำสรรเสริญ,png,https://good4.eu/songs/282.png,,เพลงสั้นนมัสการและภาวนา 149-321
283,283 พระเยซู พระเยซู,png,https://good4.eu/songs/283.png,,เพลงสั้นนมัสการและภาวนา 149-321
284,284 ชั่งปง้น,png,https://good4.eu/songs/284.png,,เพลงสั้นนมัสการและภาวนา 149-321
285,285 จิตใจข้าสุขสบาย,png,https://good4.eu/songs/285.png,,เพลงสั้นนมัสการและภาวนา 149-321
286,286 พระเจ้าจัดเตรียมหนทาง,png,https://good4.eu/songs/286.png,,เพลงสั้นนมัสการและภาวนา 149-321
287,287 พระเยซูเราน้อมรับพระองค์,png,https://good4.eu/songs/287.png,,เพลงสั้นนมัสการและภาวนา 149-321
288,288 พระองค์ทรงงดงาม,png,https://good4.eu/songs/288.png,,เพลงสั้นนมัสการและภาวนา 149-321
289,289 โฮซันนา,png,https://good4.eu/songs/289.png,,เพลงสั้นนมัสการและภาวนา 149-321
291,291 พระบารมี,png,https://good4.eu/songs/291.png,,เพลงสั้นนมัสการและภาวนา 149-321
292,292 พระสิริ โอพระสิริ,png,https://good4.eu/songs/292.png,,เพลงสั้นนมัสการและภาวนา 149-321
293,293 เราบูชาพระนาม,png,https://good4.eu/songs/293.png,,เพลงสั้นนมัสการและภาวนา 149-321
294,294 แด่พระเจ้าด้วยคำสรรเสริญ,png,https://good4.eu/songs/294.png,,เพลงสั้นนมัสการและภาวนา 149-321
295,295 พระบิดาในสวรรค์เรารักพระองค์,png,https://good4.eu/songs/295.png,,เพลงสั้นนมัสการและภาวนา 149-321
296,296 เราจะโมทนาพระคุณ,png,https://good4.eu/songs/296.png,,เพลงสั้นนมัสการและภาวนา 149-321
297,297 องค์พระบิดาเราเทิดทูนพระนาม,png,https://good4.eu/songs/297.png,,เพลงสั้นนมัสการและภาวนา 149-321
298,298 นำเข้าใกล้พระองค์,png,https://good4.eu/songs/298.png,,เพลงสั้นนมัสการและภาวนา 149-321
300,300 องค์พระเจ้าสันติราชที่ปรึกษามหัศจรรย์,png,https://good4.eu/songs/300.png,,เพลงสั้นนมัสการและภาวนา 149-321
301,301 ยกมือของท่าน,png,https://good4.eu/songs/301.png,,เพลงสั้นนมัสการและภาวนา 149-321
302,302 เราขอสรรเสริญ,png,https://good4.eu/songs/302.png,,เพลงสั้นนมัสการและภาวนา 149-321
303,303 ร้องแด่พระเจ้า,png,https://good4.eu/songs/303.png,,เพลงสั้นนมัสการและภาวนา 149-321
304,304 บริสุทธิ์องค์บริสุทธิ์,png,https://good4.eu/songs/304.png,,เพลงสั้นนมัสการและภาวนา 149-321
305,305 ชั่วชีวิต,png,https://good4.eu/songs/305.png,,เพลงสั้นนมัสการและภาวนา 149-321
306,306 แด่พระเจ้าผู้ครองบัลลังก์,png,https://good4.eu/songs/306.png,,เพลงสั้นนมัสการและภาวนา 149-321
307,307 พระเจ้าของเราโอ้พระนาม,png,https://good4.eu/songs/307.png,,เพลงสั้นนมัสการและภาวนา 149-321
308,308 เมื่อมีปัญหา,png,https://good4.eu/songs/308.png,,เพลงสั้นนมัสการและภาวนา 149-321
309,309 เป็นคำอธิษฐาน,png,https://good4.eu/songs/309.png,,เพลงสั้นนมัสการและภาวนา 149-321
310,310 เรากราบนมัสการ,png,https://good4.eu/songs/310.png,,เพลงสั้นนมัสการและภาวนา 149-321
311,311 ร้องแด่พระเจ้า,png,https://good4.eu/songs/311.png,,เพลงสั้นนมัสการและภาวนา 149-321
312,312 ให้เราสรรเสริญ,png,https://good4.eu/songs/312.png,,เพลงสั้นนมัสการและภาวนา 149-321
313,313 ให้เราบูชา,png,https://good4.eu/songs/313.png,,เพลงสั้นนมัสการและภาวนา 149-321
314,314 บริสุทธิ์,png,https://good4.eu/songs/314.png,,เพลงสั้นนมัสการและภาวนา 149-321
315,315 ขอความรัก ขอฤทธา,png,https://good4.eu/songs/315.png,,เพลงสั้นนมัสการและภาวนา 149-321
316,316 ข้ารู้แน่พระองค์ทรงพระชนม์อยู่,png,https://good4.eu/songs/316.png,,เพลงสั้นนมัสการและภาวนา 149-321
317,317 จิตวิญญาณข้าร้อง,png,https://good4.eu/songs/317.png,,เพลงสั้นนมัสการและภาวนา 149-321
318,318 ให้เราสรรเสริญพระนามของพระเยซู,png,https://good4.eu/songs/318.png,,เพลงสั้นนมัสการและภาวนา 149-321
319,319 ทุกวันเวลาข้าสาธุการ,png,https://good4.eu/songs/319.png,,เพลงสั้นนมัสการและภาวนา 149-321
320,320 เราขอวิงวอนพี่น้องเอ๋ย,png,https://good4.eu/songs/320.png,,เพลงสั้นนมัสการและภาวนา 149-321
321,321 เมื่อพระวิญญาณพระเจ้าสวมทับข้า,png,https://good4.eu/songs/321.png,,เพลงสั้นนมัสการและภาวนา 149-321
322,322 จงวันทาพระองค์,png,https://good4.eu/songs/322.png,,เพลงยาว 322-475
323,323 เราเป็นหนึ่งเดียวกัน,png,https://good4.eu/songs/323.png,,เพลงยาว 322-475
324,324 อภัยเสมอ,png,https://good4.eu/songs/324.png,,เพลงยาว 322-475
325,325 รีบนำวิญญาณ,png,https://good4.eu/songs/325.png,,เพลงยาว 322-475
326,326 พระผู้เล้าโลมลงมา,png,https://good4.eu/songs/326.png,,เพลงยาว 322-475
327,327 มีธารน้ำพุ,png,https://good4.eu/songs/327.png,,เพลงยาว 322-475
328,328 พระองค์สถิตใกล้ชิดกับเรา,png,https://good4.eu/songs/328.png,,เพลงยาว 322-475
329,329 พระเยซูทรงห่วงข้า,png,https://good4.eu/songs/329.png,,เพลงยาว 322-475
330,330 พระเยซูพระนามงดงามยิ่ง,png,https://good4.eu/songs/330.png,,เพลงยาว 322-475
331,331 ที่ไม้กางเขน,png,https://good4.eu/songs/331.png,,เพลงยาว 322-475
332,332 พระเยซูทรงเป็นขึ้นแล้ว,png,https://good4.eu/songs/332.png,,เพลงยาว 322-475
333,333 สรรพสิ่งเป็นได้,png,https://good4.eu/songs/333.png,,เพลงยาว 322-475
334,334 สง่างาม,png,https://good4.eu/songs/334.png,,เพลงยาว 322-475
335,335 พักพิงในพระเจ้า,png,https://good4.eu/songs/335.png,,เพลงยาว 322-475
336,336 พระเจ้าทรงเป็นผู้เลี้ยงที่รัก,png,https://good4.eu/songs/336.png,,เพลงยาว 322-475
337,337 คำประเสริฐศักดิ์สิทธิ์,png,https://good4.eu/songs/337.png,,เพลงยาว 322-475
338,338 ผู้พิชิตความตาย,png,https://good4.eu/songs/338.png,,เพลงยาว 322-475
339,339 การถวายเป็นพระคุณหนุนนำเนื่อง,png,https://good4.eu/songs/339.png,,เพลงยาว 322-475
340,340 เราต้องเดินกับพระองค์ทุกวันเวลา,png,https://good4.eu/songs/340.png,,เพลงยาว 322-475
341,341 เมื่อท่านมีปัญหาใดเกี่ยวกับพระเยซู,png,https://good4.eu/songs/341.png,,เพลงยาว 322-475
342,342 ขอน้อมเกล้า,png,https://good4.eu/songs/342.png,,เพลงยาว 322-475
343,343 ข้าฯจะเงยตาดูภูเขา,png,https://good4.eu/songs/343.png,,เพลงยาว 322-475
344,344 ขอพระเยซูโปรดนำหน้า,png,https://good4.eu/songs/344.png,,เพลงยาว 322-475
345,345 ข้าต้องการพระเยซู,png,https://good4.eu/songs/345.png,,เพลงยาว 322-475
346,346 รักพระเยซู,png,https://good4.eu/songs/346.png,,เพลงยาว 322-475
347,347 สิ้นกระแสกรรม,png,https://good4.eu/songs/347.png,,เพลงยาว 322-475
348,348 จงสรรเสริญพระเจ้า,png,https://good4.eu/songs/348.png,,เพลงยาว 322-475
349,349 ทางชีวิต,png,https://good4.eu/songs/349.png,,เพลงยาว 322-475
350,350 ขอพระพรจากเบื้องบนลงมา,png,https://good4.eu/songs/350.png,,เพลงยาว 322-475
351,351 อันพระคุณความการุณย์,png,https://good4.eu/songs/351.png,,เพลงยาว 322-475
352,352 ความรักจริงทุกสิ่งมั่นคง,png,https://good4.eu/songs/352.png,,เพลงยาว 322-475
353,353 พระเจ้าทรงรักเราที่สุด,png,https://good4.eu/songs/353.png,,เพลงยาว 322-475
354,354 รากฐานของคริสตจักรแท้คือ,png,https://good4.eu/songs/354.png,,เพลงยาว 322-475
355,355 ท่านค้นหาสุขสำราญ,png,https://good4.eu/songs/355.png,,เพลงยาว 322-475
356,356 เราทั่วโลกยืนใต้กางเขน,png,https://good4.eu/songs/356.png,,เพลงยาว 322-475
357,357 สุขใจในพระคริสต์,png,https://good4.eu/songs/357.png,,เพลงยาว 322-475
358,358 ยุทธภัณฑ์คริสเตียน,png,https://good4.eu/songs/358.png,,เพลงยาว 322-475
359,359 เราจะรักกันได้อย่างไง,png,https://good4.eu/songs/359.png,,เพลงยาว 322-475
360,360 สรรเสริญผู้เป็นเจ้าทรงเดชา,png,https://good4.eu/songs/360.png,,เพลงยาว 322-475
361,361 นับพระพร,png,https://good4.eu/songs/361.png,,เพลงยาว 322-475
362,362 นิ่งเถิดดวงใจ,png,https://good4.eu/songs/362.png,,เพลงยาว 322-475
363,363 ขอรับใช้,png,https://good4.eu/songs/363.png,,เพลงยาว 322-475
364,364 มีใครไหม,png,https://good4.eu/songs/364.png,,เพลงยาว 322-475
365,365 ข้าขอมอบถวาย,png,https://good4.eu/songs/365.png,,เพลงยาว 322-475
366,366 พระเยซูผู้งามเลิศ,png,https://good4.eu/songs/366.png,,เพลงยาว 322-475
367,367 องค์พระเยซูทรงครองโลกา,png,https://good4.eu/songs/367.png,,เพลงยาว 322-475
368,368 พระคริสต์เป็นเจ้าชีวิตของข้า,png,https://good4.eu/songs/368.png,,เพลงยาว 322-475
369,369 เมื่อข้าเพ่งดูกางเขน,png,https://good4.eu/songs/369.png,,เพลงยาว 322-475
370,370 ได้ยินเสียงของพระเจ้า,png,https://good4.eu/songs/370.png,,เพลงยาว 322-475
371,371 เมื่อผ่านโลกนี้,png,https://good4.eu/songs/371.png,,เพลงยาว 322-475
372,372 ขอพระเยซูทรงนำพาเรา,png,https://good4.eu/songs/372.png,,เพลงยาว 322-475
373,373 ที่กางเขนๆ ข้าแลเห็น,png,https://good4.eu/songs/373.png,,เพลงยาว 322-475
374,374 ไม่มีกลางคืนอีกเลย,png,https://good4.eu/songs/374.png,,เพลงยาว 322-475
375,375 โลกนี้พระเจ้าประทาน,png,https://good4.eu/songs/375.png,,เพลงยาว 322-475
376,376 จงชื่นชมยินดีในพระเจ้าทุกเวลา,png,https://good4.eu/songs/376.png,,เพลงยาว 322-475
377,377 อยู่เพื่อพระคริสต์,png,https://good4.eu/songs/377.png,,เพลงยาว 322-475
378,378 เหตุไรท่านท้อถอยใจเศร้าหมองหรือ,png,https://good4.eu/songs/378.png,,เพลงยาว 322-475
379,379 พระเยซูเป็นคำตอบ,png,https://good4.eu/songs/379.png,,เพลงยาว 322-475
380,380 พระเยโฮวาห์เป็นผู้ทรงบำรุง,png,https://good4.eu/songs/380.png,,เพลงยาว 322-475
381,381 ไม่มีหว่างเขามืดเมื่อพระเยซูมา,png,https://good4.eu/songs/381.png,,เพลงยาว 322-475
382,382 ฉันต้องการพระองค์,png,https://good4.eu/songs/382.png,,เพลงยาว 322-475
383,383 ฝากใจไปด้วยกัน,png,https://good4.eu/songs/383.png,,เพลงยาว 322-475
384,384 มีสหายเลิศคือพระเยซู,png,https://good4.eu/songs/384.png,,เพลงยาว 322-475
385,385 วันนี้เป็นวันเปรมปรีดิ์,png,https://good4.eu/songs/385.png,,เพลงยาว 322-475
386,386 แสนสุขสันวันประชุมนี้,png,https://good4.eu/songs/386.png,,เพลงยาว 322-475
387,387 องค์พระเยซูเจ้าทรงปกเกล้า,png,https://good4.eu/songs/387.png,,เพลงยาว 322-475
388,388 อาการของพระเจ้านั้น,png,https://good4.eu/songs/388.png,,เพลงยาว 322-475
389,389 วันนี้อันเป็นวันดี,png,https://good4.eu/songs/389.png,,เพลงยาว 322-475
390,390 รอดอยู่ในหัตถ์พระเยซู,png,https://good4.eu/songs/390.png,,เพลงยาว 322-475
391,391 ถ้าเราเดินตามพระเจ้า,png,https://good4.eu/songs/391.png,,เพลงยาว 322-475
392,392 ขอสวมทับทรงชำระใจ,png,https://good4.eu/songs/392.png,,เพลงยาว 322-475
393,393 พระวิญญาณประทานพระพร,png,https://good4.eu/songs/393.png,,เพลงยาว 322-475
394,394 ภูเขาแห่งพระคุณ,png,https://good4.eu/songs/394.png,,เพลงยาว 322-475
395,395 เช้าค่ำย่ำสนธยา,png,https://good4.eu/songs/395.png,,เพลงยาว 322-475
396,396 ข้าเจ้าบรรเลงเพลงมหาชัย,png,https://good4.eu/songs/396.png,,เพลงยาว 322-475
397,397 พระวิญญาณผู้ทรงพระคุณ,png,https://good4.eu/songs/397.png,,เพลงยาว 322-475
398,398 โปรดอภัยให้ข้า,png,https://good4.eu/songs/398.png,,เพลงยาว 322-475
399,399 เติบโตร่วมกัน,png,https://good4.eu/songs/399.png,,เพลงยาว 322-475
400,400 เชิญร่วมใจนมัสการ,png,https://good4.eu/songs/400.png,,เพลงยาว 322-475
401,401 ทางชีวี,png,https://good4.eu/songs/401.png,,เพลงยาว 322-475
402,402 หากจะรักจงรักอย่างสุดใจ,png,https://good4.eu/songs/402.png,,เพลงยาว 322-475
403,403 ความสุขยืนยงคงมาสู่ผู้ทำชอบ,png,https://good4.eu/songs/403.png,,เพลงยาว 322-475
404,404 ขอพระองค์ทรงช่วย,png,https://good4.eu/songs/404.png,,เพลงยาว 322-475
405,405 ข้าต้องไปฟากข้างโน้น,png,https://good4.eu/songs/405.png,,เพลงยาว 322-475
406,406 เชิญมาเชิญมาอย่าช้า,png,https://good4.eu/songs/406.png,,เพลงยาว 322-475
407,407 เราคริสเตียน,png,https://good4.eu/songs/407.png,,เพลงยาว 322-475
408,408 อย่าอวดตนว่าเป็นคนดีที่สุดแล้ว,png,https://good4.eu/songs/408.png,,เพลงยาว 322-475
409,409 ฟันฝ่าบุกไปหนใดเราไปทุกแห่ง,png,https://good4.eu/songs/409.png,,เพลงยาว 322-475
410,410 พระเยซูผู้ที่ข้าบูชาเหนือชีวา,png,https://good4.eu/songs/410.png,,เพลงยาว 322-475
411,411 เมืองบรมสุข,png,https://good4.eu/songs/411.png,,เพลงยาว 322-475
412,412 เชิญเชิญอย่าได้ช้า,png,https://good4.eu/songs/412.png,,เพลงยาว 322-475
413,413 พระเยซูผู้ดีเลิศ,png,https://good4.eu/songs/413.png,,เพลงยาว 322-475
414,414 พระศิริทรงประทับท่ามกลางเรา,png,https://good4.eu/songs/414.png,,เพลงยาว 322-475
415,415 ส่งฝนมา,png,https://good4.eu/songs/415.png,,เพลงยาว 322-475
416,416 ข้าขอถวายเกียรติแด่พระเจ้า,png,https://good4.eu/songs/416.png,,เพลงยาว 322-475
417,417 ผู้เป็น,png,https://good4.eu/songs/417.png,,เพลงยาว 322-475
418,418 พระเยซูเป็นร่มเย็นของข้า,png,https://good4.eu/songs/418.png,,เพลงยาว 322-475
419,419 ขอพระองค์เจ้าทรงตรวจจิตใจ (สดุดี 139:23-24),png,https://good4.eu/songs/419.png,,เพลงยาว 322-475
420,420 เราขอสั่งทำลายกำแพง,png,https://good4.eu/songs/420.png,,เพลงยาว 322-475
421,421 พระคุณพระเจ้า,png,https://good4.eu/songs/421.png,,เพลงยาว 322-475
422,422 ครั้นเรียกชื่อ,png,https://good4.eu/songs/422.png,,เพลงยาว 322-475
423,423 ไม่มีใคร,png,https://good4.eu/songs/423.png,,เพลงยาว 322-475
424,424 ข้าอ่อนแรงพระองค์ทรงฤทธิ์,png,https://good4.eu/songs/424.png,,เพลงยาว 322-475
425,425 มีสถานอันงดงาม,png,https://good4.eu/songs/425.png,,เพลงยาว 322-475
426,426 เพราะบาปของข้า,png,https://good4.eu/songs/426.png,,เพลงยาว 322-475
427,427 พระเยซูทรงรักเรา,png,https://good4.eu/songs/427.png,,เพลงยาว 322-475
428,428 มีของบางสิ่งที่ฉันไม่รู้,png,https://good4.eu/songs/428.png,,เพลงยาว 322-475
429,429 พระเจ้ายิ่งใหญ่,png,https://good4.eu/songs/429.png,,เพลงยาว 322-475
430,430 ข้ายึดมั่นในคำสัญญา,png,https://good4.eu/songs/430.png,,เพลงยาว 322-475
431,431 ไม้กางเขนโบราณ,png,https://good4.eu/songs/431.png,,เพลงยาว 322-475
432,432 ได้ล้างด้วยโลหิตพระเยซู,png,https://good4.eu/songs/432.png,,เพลงยาว 322-475
433,433 ทหารของพระเยซูเจ้า,png,https://good4.eu/songs/433.png,,เพลงยาว 322-475
434,434 ท่านอยากจะพ้นจากความบาปหรือ,png,https://good4.eu/songs/434.png,,เพลงยาว 322-475
435,435 เพราะพระเจ้าเป็นความรัก,png,https://good4.eu/songs/435.png,,เพลงยาว 322-475
436,436 สาธุสรรเสริญ,png,https://good4.eu/songs/436.png,,เพลงยาว 322-475
437,437 โอ้ว่าความรัก,png,https://good4.eu/songs/437.png,,เพลงยาว 322-475
438,438 เชิญท่านทั้งหลาย,png,https://good4.eu/songs/438.png,,เพลงยาว 322-475
439,439 วันเอ๋ยวันเวลา,png,https://good4.eu/songs/439.png,,เพลงยาว 322-475
440,440 โอพระเยซูผู้ทรงรับทุกข์ทน,png,https://good4.eu/songs/440.png,,เพลงยาว 322-475
441,441 ไม้กางเขน,png,https://good4.eu/songs/441.png,,เพลงยาว 322-475
442,442 ยกย่องพระคำ,png,https://good4.eu/songs/442.png,,เพลงยาว 322-475
443,443 วันนี้เป็นวันสันติสุข,png,https://good4.eu/songs/443.png,,เพลงยาว 322-475
444,444 จงเฝ้าวอนอธิษฐาน,png,https://good4.eu/songs/444.png,,เพลงยาว 322-475
446,446 เพลงเชิญไปสวรรค์,png,https://good4.eu/songs/446.png,,เพลงยาว 322-475
447,447 โอพระบิดาข้าพระองค์ขอบพระคุณ,png,https://good4.eu/songs/447.png,,เพลงยาว 322-475
448,448 บนไม้กางเขน,png,https://good4.eu/songs/448.png,,เพลงยาว 322-475
449,449 อย่าเบื่อการทำดี,png,https://good4.eu/songs/449.png,,เพลงยาว 322-475
450,450 มาเรามาบรรเลง,png,https://good4.eu/songs/450.png,,เพลงยาว 322-475
451,451 จิตข้าวันทา,png,https://good4.eu/songs/451.png,,เพลงยาว 322-475
452,452 ลืมพระเจ้าไม่ลง,png,https://good4.eu/songs/452.png,,เพลงยาว 322-475
453,453 ใกล้จะสิ้นยุค,png,https://good4.eu/songs/453.png,,เพลงยาว 322-475
454,454 เพลงยามรุ่งอรุณ,png,https://good4.eu/songs/454.png,,เพลงยาว 322-475
456,456 ฉันอยู่กับพระเยซู,png,https://good4.eu/songs/456.png,,เพลงยาว 322-475
457,457 ร้องฮาเลลูยาแด่พระเจ้า,png,https://good4.eu/songs/457.png,,เพลงยาว 322-475
458,458 จิตวิญญาณข้าเอ๋ย,png,https://good4.eu/songs/458.png,,เพลงยาว 322-475
459,459 เตือนความหลัง,png,https://good4.eu/songs/459.png,,เพลงยาว 322-475
460,460 โอ้เมืองสวรรค์นั้นงามวิไล,png,https://good4.eu/songs/460.png,,เพลงยาว 322-475
461,461 พระเจ้าสูงสุด,png,https://good4.eu/songs/461.png,,เพลงยาว 322-475
462,462 ขอบพระคุณพระบิดา,png,https://good4.eu/songs/462.png,,เพลงยาว 322-475
463,463 ขอบพระคุณพระเจ้า,png,https://good4.eu/songs/463.png,,เพลงยาว 322-475
464,464 ชีวิตเราพระเจ้าทรงสร้าง,png,https://good4.eu/songs/464.png,,เพลงยาว 322-475
465,465 แสนปีติยินดี,png,https://good4.eu/songs/465.png,,เพลงยาว 322-475
466,466 โอพระบิดาในมหาสวรรค์,png,https://good4.eu/songs/466.png,,เพลงยาว 322-475
467,467 เปรียบดังสายธาร,png,https://good4.eu/songs/467.png,,เพลงยาว 322-475
468,468 เชิญผู้ที่ลำบาก,png,https://good4.eu/songs/468.png,,เพลงยาว 322-475
469,469 คำอ้อนวอน,png,https://good4.eu/songs/469.png,,เพลงยาว 322-475
470,470 เจ็ดสิบครั้งคูณด้วยเจ็ด,png,https://good4.eu/songs/470.png,,เพลงยาว 322-475
471,471 เชิญทุกท่านทั้งหญิงทั้งชาย,png,https://good4.eu/songs/471.png,,เพลงยาว 322-475
472,472 ขอวางใจในพระองค์,png,https://good4.eu/songs/472.png,,เพลงยาว 322-475
473,473 เปิดใจ,png,https://good4.eu/songs/473.png,,เพลงยาว 322-475
474,474 เชิญสรรเสริญพระเจ้า,png,https://good4.eu/songs/474.png,,เพลงยาว 322-475
475,475 เชิญเถิดพี่น้องชาวไทย,png,https://good4.eu/songs/475.png,,เพลงยาว 322-475
476,476 ยามราตรีศรีหรรษา,png,https://good4.eu/songs/476.png,,เทศการคริสต์มาส 476-495
477,477 เมื่อคืนวันนั้น,png,https://good4.eu/songs/477.png,,เทศการคริสต์มาส 476-495
478,478 ฟังเสียงเพลงทูตสวรรค์วันนี้,png,https://good4.eu/songs/478.png,,เทศการคริสต์มาส 476-495
479A,479A คริสต์มาสเป็นเวลา,png,https://good4.eu/songs/479A.png,,เทศการคริสต์มาส 476-495
479B,479B วันยิ่งใหญ่,png,https://good4.eu/songs/479B.png,,เทศการคริสต์มาส 476-495
480,480 ชาวโลกทั้งหลาย,png,https://good4.eu/songs/480.png,,เทศการคริสต์มาส 476-495
481,481 ดาวจากสวรรค์,png,https://good4.eu/songs/481.png,,เทศการคริสต์มาส 476-495
482,482 สรรเสริญพระผู้ไถ่,png,https://good4.eu/songs/482.png,,เทศการคริสต์มาส 476-495
483,483 ความสุขวันคริสต์มาส,png,https://good4.eu/songs/483.png,,เทศการคริสต์มาส 476-495
484,484 วันคริสต์มาสเปรมปรีดิ์,png,https://good4.eu/songs/484.png,,เทศการคริสต์มาส 476-495
485A,485A จงมีสันตสุข,png,https://good4.eu/songs/485A.png,,เทศการคริสต์มาส 476-495
485B,485B คริสต์มาสหรรษา,png,https://good4.eu/songs/485B.png,,เทศการคริสต์มาส 476-495
486,486 วันเปรมปรีดิ์,png,https://good4.eu/songs/486.png,,เทศการคริสต์มาส 476-495
487,487 จงฟังเพลงแห่งทูตสวรรค์,png,https://good4.eu/songs/487.png,,เทศการคริสต์มาส 476-495
488A,488A จงต้อนรับพระเยซู เข้ามาอยู่ในใจ,png,https://good4.eu/songs/488A.png,,เทศการคริสต์มาส 476-495
488B,488B พระสัญญา,png,https://good4.eu/songs/488B.png,,เทศการคริสต์มาส 476-495
489,489 โอองค์พระเยซู,png,https://good4.eu/songs/489.png,,เทศการคริสต์มาส 476-495
490,490 ขอเชิญท่านผู้วางใจ,png,https://good4.eu/songs/490.png,,เทศการคริสต์มาส 476-495
491,491 ชื่นใจในวันคริสต์มาส,png,https://good4.eu/songs/491.png,,เทศการคริสต์มาส 476-495
492A,492A พระเจ้ารักเราเสด็จเข้ามาเกิด,png,https://good4.eu/songs/492A.png,,เทศการคริสต์มาส 476-495
492B,492B พระเยซูเสด็จมา,png,https://good4.eu/songs/492B.png,,เทศการคริสต์มาส 476-495
493,493 วันคริสต์มาสทั่วโลกทุกชาติชื่นชมยินดี,png,https://good4.eu/songs/493.png,,เทศการคริสต์มาส 476-495
494,494 เปี่ยมรัก,png,https://good4.eu/songs/494.png,,เทศการคริสต์มาส 476-495
495A,495A วันสำราญทั่วโลก,png,https://good4.eu/songs/495A.png,,เทศการคริสต์มาส 476-495
495B,495B แสงสว่างแห่งพระคริสต์,png,https://good4.eu/songs/495B.png,,เทศการคริสต์มาส 476-495
496,496 โอ้พระบิดาข้าเห็นทางแล้ว,png,https://good4.eu/songs/496.png,,พิธีบัพติศมา 496-497
497,497 พิธีบัพติศมา,png,https://good4.eu/songs/497.png,,พิธีบัพติศมา 496-497
498,498 ครอบครัวเรามีพระเจ้าเป็นใหญ่,png,https://good4.eu/songs/498.png,,พิธีสมรส 498-503
499,499 คำว่ารัก,png,https://good4.eu/songs/499.png,,พิธีสมรส 498-503
500,500 เนื้อคู่พระเจ้าสร้าง,png,https://good4.eu/songs/500.png,,พิธีสมรส 498-503
501,501 จิตใจเบิกบานในวันแต่งงาน,png,https://good4.eu/songs/501.png,,พิธีสมรส 498-503
502,502 จิตใจสำราญถึงวันแต่งงาน,png,https://good4.eu/songs/502.png,,พิธีสมรส 498-503
503,503 รักคือคำคำนี้,png,https://good4.eu/songs/503.png,,พิธีสมรส 498-503
504,504 เมื่อข้าร้อง,png,https://good4.eu/songs/504.png,,เพลงใหม่ 504-636
505,505 เวลาของเอลียาห์,png,https://good4.eu/songs/505.png,,เพลงใหม่ 504-636
506,506 เหนือโลกา,png,https://good4.eu/songs/506.png,,เพลงใหม่ 504-636
507,507 ใคร,png,https://good4.eu/songs/507.png,,เพลงใหม่ 504-636
508,508 ใจฉันรู้,png,https://good4.eu/songs/508.png,,เพลงใหม่ 504-636
509,509 ได้ยินพระสุรเสียง,png,https://good4.eu/songs/509.png,,เพลงใหม่ 504-636
510,510 ข้าได้มองเห็น,png,https://good4.eu/songs/510.png,,เพลงใหม่ 504-636
511,511 ฉันจะเปลี่ยนความเศร้าโศก,png,https://good4.eu/songs/511.png,,เพลงใหม่ 504-636
512,512 บนบัลลัง,png,https://good4.eu/songs/512.png,,เพลงใหม่ 504-636
513,513 สาธุการพระนาม,png,https://good4.eu/songs/513.png,,เพลงใหม่ 504-636
514,514 องค์สูงสุด,png,https://good4.eu/songs/514.png,,เพลงใหม่ 504-636
515,515 ส่งการฟื้นฟู,png,https://good4.eu/songs/515.png,,เพลงใหม่ 504-636
516,516 ถึงกระนั้น,png,https://good4.eu/songs/516.png,,เพลงใหม่ 504-636
517,517 ไม่เคยลืมที่ได้ตัดสินใจ,png,https://good4.eu/songs/517.png,,เพลงใหม่ 504-636
518,518 หัวใจผู้รับใช้,png,https://good4.eu/songs/518.png,,เพลงใหม่ 504-636
520,520 องค์พระบารมี,png,https://good4.eu/songs/520.png,,เพลงใหม่ 504-636
521,521 จงมีความเชื่อในพระองค์เถิด,png,https://good4.eu/songs/521.png,,เพลงใหม่ 504-636
522,522 ราชาแห่งดวงใจ,png,https://good4.eu/songs/522.png,,เพลงใหม่ 504-636
523,523 บ่มีผู้ใด,png,https://good4.eu/songs/523.png,,เพลงใหม่ 504-636
524,524 ได้ยินบ่เน้อ,png,https://good4.eu/songs/524.png,,เพลงใหม่ 504-636
525,525 เจ้าสาว,png,https://good4.eu/songs/525.png,,เพลงใหม่ 504-636
526,526 เพราะทรงเรียกข้า,png,https://good4.eu/songs/526.png,,เพลงใหม่ 504-636
527,527 เพลงถวายตัว,png,https://good4.eu/songs/527.png,,เพลงใหม่ 504-636
528,528 เรามาเต้นรำ,png,https://good4.eu/songs/528.png,,เพลงใหม่ 504-636
529,529 โมทนาขอบพระคุณ,png,https://good4.eu/songs/529.png,,เพลงใหม่ 504-636
530,530 กล่าวคำว่ารัก,png,https://good4.eu/songs/530.png,,เพลงใหม่ 504-636
531,531 ผู้ที่เหน็ดเหนื่อย,png,https://good4.eu/songs/531.png,,เพลงใหม่ 504-636
532,532 เมตตาชื่นใจ,png,https://good4.eu/songs/532.png,,เพลงใหม่ 504-636
533,533 พระเจ้าทรงครอบครอง,png,https://good4.eu/songs/533.png,,เพลงใหม่ 504-636
534,534 พระเจ้าทรงยิ่งใหญ่,png,https://good4.eu/songs/534.png,,เพลงใหม่ 504-636
535,535 รักของพระองค์,png,https://good4.eu/songs/535.png,,เพลงใหม่ 504-636
536,536 อยู่บนกางเขน,png,https://good4.eu/songs/536.png,,เพลงใหม่ 504-636
537,537 เปลี่ยน,png,https://good4.eu/songs/537.png,,เพลงใหม่ 504-636
538,538 เยซูพระเจ้ายิ่งใหญ่,png,https://good4.eu/songs/538.png,,เพลงใหม่ 504-636
539,539 หัวใจนมัสการ,png,https://good4.eu/songs/539.png,,เพลงใหม่ 504-636
540,540 เรามาเพื่อร้องเพลงนมัสการ,png,https://good4.eu/songs/540.png,,เพลงใหม่ 504-636
541,541 พระเจ้าของทุกสิ่ง,png,https://good4.eu/songs/541.png,,เพลงใหม่ 504-636
542,542 โปรดเทการเจิม,png,https://good4.eu/songs/542.png,,เพลงใหม่ 504-636
543,543 ความรักอัศจรรย์,png,https://good4.eu/songs/543.png,,เพลงใหม่ 504-636
544,544 คำสรรเสริญมาจากดวงใจ,png,https://good4.eu/songs/544.png,,เพลงใหม่ 504-636
545,545 จงเตรียมหนทาง,png,https://good4.eu/songs/545.png,,เพลงใหม่ 504-636
546,546 ชนชาติที่รัก,png,https://good4.eu/songs/546.png,,เพลงใหม่ 504-636
547,547 ดวงใจของข้า,png,https://good4.eu/songs/547.png,,เพลงใหม่ 504-636
548,548 ทุกๆ สิ่ง,png,https://good4.eu/songs/548.png,,เพลงใหม่ 504-636
549,549 พระเจ้าดีต่อฉัน,png,https://good4.eu/songs/549.png,,เพลงใหม่ 504-636
550,550 พระเยซู ดวงใจร้องเรียกหา,png,https://good4.eu/songs/550.png,,เพลงใหม่ 504-636
551,551 พระเจ้าทรงสถิตกับฉัน,png,https://good4.eu/songs/551.png,,เพลงใหม่ 504-636
552,552 อยากเห็นคนไทยนมัสการพระเจ้า,png,https://good4.eu/songs/552.png,,เพลงใหม่ 504-636
553,553 ชิญมานมัสการ,png,https://good4.eu/songs/553.png,,เพลงใหม่ 504-636
554,554 ขอบอกข่าวดี,png,https://good4.eu/songs/554.png,,เพลงใหม่ 504-636
555,555 ระเยโฮวาห์เป็นพระเจ้า,png,https://good4.eu/songs/555.png,,เพลงใหม่ 504-636
556,556 สรรเสริญพระนาม,png,https://good4.eu/songs/556.png,,เพลงใหม่ 504-636
557,557 ยรูซาเล็มใหม่,png,https://good4.eu/songs/557.png,,เพลงใหม่ 504-636
558,558 ข้าเปล่งเสียงโห่ร้อง,png,https://good4.eu/songs/558.png,,เพลงใหม่ 504-636
559,559 พระองค์ดี,png,https://good4.eu/songs/559.png,,เพลงใหม่ 504-636
560,560 เมื่อเราเป็นหนึ่งใจเดียวกัน,png,https://good4.eu/songs/560.png,,เพลงใหม่ 504-636
561,561 ทุกๆ วัน,png,https://good4.eu/songs/561.png,,เพลงใหม่ 504-636
562,562 ณ ที่นั่น,png,https://good4.eu/songs/562.png,,เพลงใหม่ 504-636
563,563 บทเพลงในดวงใจ,png,https://good4.eu/songs/563.png,,เพลงใหม่ 504-636
564,564 พระเจ้าผู้ทรงเป็นทุกสิ่ง,png,https://good4.eu/songs/564.png,,เพลงใหม่ 504-636
565,565 ร้องโฮซันนา,png,https://good4.eu/songs/565.png,,เพลงใหม่ 504-636
566,566 พระเจ้าทรงพระชนม์,png,https://good4.eu/songs/566.png,,เพลงใหม่ 504-636
567,567 พระเยซูเป็นหนทาง,png,https://good4.eu/songs/567.png,,เพลงใหม่ 504-636
568,568 โปรดทรงนำทาง,png,https://good4.eu/songs/568.png,,เพลงใหม่ 504-636
569,569 โลหิตบริสุทธิ์,png,https://good4.eu/songs/569.png,,เพลงใหม่ 504-636
570,570 ข้าร้องสรรเสริญ,png,https://good4.eu/songs/570.png,,เพลงใหม่ 504-636
571,571 เทลงมา,png,https://good4.eu/songs/571.png,,เพลงใหม่ 504-636
572,572 ไม่ว่าอยู่แห่งหนไหน,png,https://good4.eu/songs/572.png,,เพลงใหม่ 504-636
573,573 แม่น้ำ,png,https://good4.eu/songs/573.png,,เพลงใหม่ 504-636
574,574 พระองค์ผู้ทรงนำข้า,png,https://good4.eu/songs/574.png,,เพลงใหม่ 504-636
575,575 มีสิ่งเดียวที่ข้าต้องการ,png,https://good4.eu/songs/575.png,,เพลงใหม่ 504-636
576,576 รักไม่สิ้นสุด,png,https://good4.eu/songs/576.png,,เพลงใหม่ 504-636
577,577 สุขใจจริง,png,https://good4.eu/songs/577.png,,เพลงใหม่ 504-636
578,578 โปรดช่วยข้าด้วย,png,https://good4.eu/songs/578.png,,เพลงใหม่ 504-636
579,579 ให้ข้าอยู่ในพระนิเวศน์,png,https://good4.eu/songs/579.png,,เพลงใหม่ 504-636
580,580 ไม่มีอะไรมาพราก,png,https://good4.eu/songs/580.png,,เพลงใหม่ 504-636
581,581 แสนชื่นบาน,png,https://good4.eu/songs/581.png,,เพลงใหม่ 504-636
582,582 ฉันเป็นที่รักยิ่ง,png,https://good4.eu/songs/582.png,,เพลงใหม่ 504-636
583,583 กางเขนนั้น,png,https://good4.eu/songs/583.png,,เพลงใหม่ 504-636
584,584 ที่ประทับ,png,https://good4.eu/songs/584.png,,เพลงใหม่ 504-636
585,585 ทุก ๆ วันใจข้าต้องการ,png,https://good4.eu/songs/585.png,,เพลงใหม่ 504-636
586,586 มาร่วมกันร้องเพลง,png,https://good4.eu/songs/586.png,,เพลงใหม่ 504-636
587,587 มีเพียงพระองค์,png,https://good4.eu/songs/587.png,,เพลงใหม่ 504-636
588,588 รักวิเศษ,png,https://good4.eu/songs/588.png,,เพลงใหม่ 504-636
589,589 พลังแห่งความรอด,png,https://good4.eu/songs/589.png,,เพลงใหม่ 504-636
590,590 รักที่ยิ่งใหญ่,png,https://good4.eu/songs/590.png,,เพลงใหม่ 504-636
591,591 เชิญมาเต้นรำ,png,https://good4.eu/songs/591.png,,เพลงใหม่ 504-636
592,592 เทิดทูนพระเยซู,png,https://good4.eu/songs/592.png,,เพลงใหม่ 504-636
593,593 ดีต่อข้า,png,https://good4.eu/songs/593.png,,เพลงใหม่ 504-636
594,594 เพียงผู้เดียว,png,https://good4.eu/songs/594.png,,เพลงใหม่ 504-636
595,595 เมื่อไม่นาน,png,https://good4.eu/songs/595.png,,เพลงใหม่ 504-636
596,596 เราขอนมัสการ,png,https://good4.eu/songs/596.png,,เพลงใหม่ 504-636
597,597 พระผู้ไถ่แห่งชีวิต,png,https://good4.eu/songs/597.png,,เพลงใหม่ 504-636
598,598 โปรดส่งการเจิม (อานุภาพ วิชิตนันท์),png,https://good4.eu/songs/598.png,,เพลงใหม่ 504-636
599,599 ในทุกสิ่ง,png,https://good4.eu/songs/599.png,,เพลงใหม่ 504-636
600,600 ทรงเป็นพระเจ้านิรันคร์,png,https://good4.eu/songs/600.png,,เพลงใหม่ 504-636
601,601 ข้าได้ยินเสียงตรัส,png,https://good4.eu/songs/601.png,,เพลงใหม่ 504-636
602,602 รักและบูชา,png,https://good4.eu/songs/602.png,,เพลงใหม่ 504-636
603,603 ข้าพร้อมกลับใจ,png,https://good4.eu/songs/603.png,,เพลงใหม่ 504-636
604,604 ดวงใจฉันเฝ้าคอยพระองค์,png,https://good4.eu/songs/604.png,,เพลงใหม่ 504-636
605,605 ตลอดไป,png,https://good4.eu/songs/605.png,,เพลงใหม่ 504-636
606,606 ธงชัย,png,https://good4.eu/songs/606.png,,เพลงใหม่ 504-636
607,607 นมัสการ,png,https://good4.eu/songs/607.png,,เพลงใหม่ 504-636
608,608 พระเยซูความหวังของประชาชาติ,png,https://good4.eu/songs/608.png,,เพลงใหม่ 504-636
609,609 พระเจ้าทรงเลี้ยงดู,png,https://good4.eu/songs/609.png,,เพลงใหม่ 504-636
610,610 ขอหัวใจที่เหมือนพระทัย,png,https://good4.eu/songs/610.png,,เพลงใหม่ 504-636
611,611 ขอองค์พระวิญญาณเคลื่อน,png,https://good4.eu/songs/611.png,,เพลงใหม่ 504-636
612,612 พระองค์ทรงสวยงาม,png,https://good4.eu/songs/612.png,,เพลงใหม่ 504-636
613,613 เมื่อองค์พระวิญาณ,png,https://good4.eu/songs/613.png,,เพลงใหม่ 504-636
614,614 รักมั่นคงพระองค์,png,https://good4.eu/songs/614.png,,เพลงใหม่ 504-636
615,615 ซ่อนข้าไว้,png,https://good4.eu/songs/615.png,,เพลงใหม่ 504-636
616,616 วิญญาณข้าเรียกร้อง,png,https://good4.eu/songs/616.png,,เพลงใหม่ 504-636
617,617 ข้ารักพระนาม,png,https://good4.eu/songs/617.png,,เพลงใหม่ 504-636
618,618 องค์พระเจ้าเราเข้ามา,png,https://good4.eu/songs/618.png,,เพลงใหม่ 504-636
619,619 ขอบพระคุณ,png,https://good4.eu/songs/619.png,,เพลงใหม่ 504-636
620,620 ดุจความสว่าง,png,https://good4.eu/songs/620.png,,เพลงใหม่ 504-636
621,621 โฮซันนา,png,https://good4.eu/songs/621.png,,เพลงใหม่ 504-636
622,622 ทรงชื่นบาน,png,https://good4.eu/songs/622.png,,เพลงใหม่ 504-636
623,623 ฉันเป็นใคร,png,https://good4.eu/songs/623.png,,เพลงใหม่ 504-636
624,624 ที่กางเขน,png,https://good4.eu/songs/624.png,,เพลงใหม่ 504-636
625,625 บ้านหลังนี้,png,https://good4.eu/songs/625.png,,เพลงใหม่ 504-636
626,626 พระเจ้าประเสริฐ,png,https://good4.eu/songs/626.png,,เพลงใหม่ 504-636
627,627 สบายดีบ่,png,https://good4.eu/songs/627.png,,เพลงใหม่ 504-636
628,628 ข่าวดีจากสวรรค์,png,https://good4.eu/songs/628.png,,เพลงใหม่ 504-636
629,629 เจ้ารักเราหรือ,png,https://good4.eu/songs/629.png,,เพลงใหม่ 504-636
630,630 พระเจ้าชีวิต,png,https://good4.eu/songs/630.png,,เพลงใหม่ 504-636
631,631 เพลงแห่งสันติสุข,png,https://good4.eu/songs/631.png,,เพลงใหม่ 504-636
632,632 วอนอธิษฐาน,png,https://good4.eu/songs/632.png,,เพลงใหม่ 504-636
633,633 เปิดใจให้พระเยซู,png,https://good4.eu/songs/633.png,,เพลงใหม่ 504-636
634,634 พลังสัมพันธ์ภาคกลาง,png,https://good4.eu/songs/634.png,,เพลงใหม่ 504-636
635,635 ไกลสุดขอบฟ้ามีพระบิดา,png,https://good4.eu/songs/635.png,,เพลงใหม่ 504-636
636,636 ปฐมกาล อพยพ,png,https://good4.eu/songs/636.png,,เพลงใหม่ 504-636
637,637 คำอธิษฐาน,png,https://good4.eu/songs/637.png,,เพลงเพิ่มเติม 637-638
638,638 พระเจ้าทรงเป็นที่ลี้ภัย,png,https://good4.eu/songs/638.png,,เพลงเพิ่มเติม 637-638
